,WT dice,WT jaccard,TC dice,TC jaccard,ET dice,ET jaccard
0,0.9259583406268161,0.8621251629726655,1.0,1.0,1.0,1.0
1,0.8488867835153956,0.737448559670998,0.9306930693079207,0.8703703703706104,0.8335419274105131,0.714592274678724
2,0.8862352751332904,0.7957113880035365,0.7505118455691723,0.6006554307117974,0.7025131502051432,0.5414414414418546
3,0.9156489633629651,0.8444211629126012,0.47505938242517814,0.31152647975292364,0.35795454545738636,0.217993079587481
4,0.913050052926206,0.8400111296605899,0.7585946354367208,0.6110772976265301,0.8599269183928137,0.7542735042737668
5,0.839316239317094,0.7231222385865639,1.0,1.0,1.0,1.0
6,0.9481397970693348,0.9013933547696662,2e-10,1.9999999996e-10,1.0,1.0
7,0.9402718168814378,0.887276409044925,0.6944257891205508,0.5318930041154671,0.7853521126766198,0.6465677179966173
8,0.9466606902738682,0.8987234042554053,0.5842696629269664,0.4126984127030738,0.7307692307788461,0.5757575757640035
9,0.811881188120792,0.6833333333343888,1.0,1.0,1.0,1.0
10,0.5958429561224018,0.4243421052650515,2.5e-10,2.499999999375e-10,2.5e-10,2.499999999375e-10
11,0.9330479975545705,0.8744985673353155,0.670813893209435,0.5046801872078747,0.7964169381115636,0.6617050067663577
12,0.9641816623823479,0.930840502978183,0.647281921619469,0.478504672898171,0.6509186351732283,0.48249027237555453
13,0.9259154130005677,0.8620507399577896,0.7936046511642442,0.6578313253020294,0.8095238095257936,0.6800000000010666
14,0.9535962877035963,0.9113082039912291,0.8402684563771812,0.7245370370376747,0.8232758620711207,0.6996336996347998
15,0.8627844712185408,0.7586815773986118,0.06250000001041667,0.03225806452653486,0.03278688526229508,0.016666666683055557
16,0.9497568881690978,0.9043209876544194,0.7793548387109678,0.6384778012692632,0.8241758241776557,0.700934579440184
17,3.8314176245210734e-12,3.831417624506393e-12,1.0,1.0,1.0,1.0
18,0.9360039081587689,0.8797061524335357,0.815020862310153,0.6877934272307799,0.8946459412797927,0.8093750000005957
19,0.727868852462295,0.5721649484558137,1.0,1.0,1.0,1.0
20,0.9188696444854147,0.8499156829680861,1.0,1.0,1.0,1.0
21,0.9299935773927425,0.869147659063704,1.0,1.0,1.0,1.0
22,0.7706491063031045,0.6268748086931047,0.005797101452173914,0.002906976747084573,5.681818181818182e-12,5.681818181785899e-12
23,5.0000000000000005e-12,4.999999999975001e-12,2.702702702702703e-11,2.702702702629657e-11,2.8571428571428573e-11,2.857142857061225e-11
24,0.953786595693443,0.9116558741906051,0.9244712990966767,0.8595505617985418,0.6974789916008403,0.5354838709707389
25,0.45000000001249996,0.2903225806566077,1.0,1.0,1.0,1.0
26,0.9202898550729166,0.8523489932887145,0.9340409401068992,0.876244665718526,0.7790055248632597,0.6380090497745746
27,0.7959866220769231,0.6611111111129939,0.14285714292857143,0.07692307699408285,1.6666666666666669e-10,1.666666666388889e-10
28,0.9786127167631503,0.9581211092246864,0.9706100271674487,0.9428982725528106,0.9148264984230284,0.8430232558140448
29,1.0752688172043012e-11,1.0752688171927391e-11,1.0,1.0,1.0,1.0
30,0.964557926829459,0.9315421420684831,0.9774333257353546,0.9558626839055034,0.7694680030848111,0.6253132832084896
31,0.9433187996924852,0.8927184466019938,3.3333333333333337e-10,3.3333333322222223e-10,1.0,1.0
32,0.9692773691045004,0.9403862300587992,1.0,1.0,1.0,1.0
33,0.8806584362146777,0.7867647058826143,0.8898305084788135,0.801526717558767,0.9585253456267281,0.9203539823015898
34,1.1111111111111112e-10,1.1111111109876544e-10,1.0,1.0,1.0,1.0
35,0.9042984590433901,0.825314581791395,0.8611599297029877,0.7561728395069254,0.7577639751573498,0.6100000000013
36,0.9720053323178443,0.9455353834753815,0.8895943562613756,0.8011435832275723,0.8118374558308303,0.6832713754649195
37,0.8383937316366308,0.721753794266911,0.7567567567606177,0.6086956521763436,0.4880952381011905,0.32283464567462333
38,0.9479677989399177,0.9010824934677487,0.9558905639313233,0.9155080213904647,0.856948228883515,0.7497020262219908
39,0.7820224719123595,0.6420664206655274,0.9029535865021097,0.8230769230782842,0.8888888888935185,0.8000000000016667
40,1.2642225031605564e-12,1.264222503158958e-12,4.255319148936171e-12,4.255319148918063e-12,1.1627906976744187e-11,1.1627906976608978e-11
41,0.9210458193116748,0.853646833013506,0.7175188600176027,0.5594771241835824,0.7342888643891952,0.5801393728230311
42,0.44171779141717793,0.28346456693477584,1.0,1.0,1.0,1.0
43,0.970584248339569,0.9428496181195831,0.9133510167997347,0.8405207485762078,0.9415262636278493,0.8895131086143356
44,0.923035303665765,0.8570710876664513,0.802797202797669,0.670560747663808,0.8487865588058494,0.7372972972975813
45,2e-10,1.9999999996e-10,1.0,1.0,1.0,1.0
46,0.6458221024264151,0.4769108280258942,9.345794392523366e-12,9.34579439243602e-12,1.3157894736842107e-11,1.3157894736668976e-11
47,0.8239472349066463,0.7006039689389986,0.5973451327455752,0.42586750788824645,0.5095890410986301,0.3419117647083018
48,0.8930817610064357,0.8068181818182328,0.9064579256362036,0.8289191123837405,0.8359788359791667,0.7181818181819783
49,0.8940568475478036,0.8084112149541663,1.0,1.0,1.0,1.0
50,0.3230625583576097,0.19265033407662288,2.5e-10,2.499999999375e-10,3.3333333333333337e-10,3.3333333322222223e-10
51,0.9312977099239368,0.871428571428637,0.5148809523824405,0.34669338677485634,0.5045592705197568,0.33739837398643335
52,0.940812857363777,0.8882404435366535,0.589928057557554,0.41836734694174305,0.23333333335,0.13207547171448916
53,0.9737142857144763,0.9487750556793063,0.8652482269507279,0.7625000000001563,0.803868887695325,0.6720575022464761
54,0.9043348281023916,0.8253751705322983,1.7857142857142857e-11,1.7857142856823982e-11,5.263157894736843e-11,5.263157894459834e-11
55,0.6866597724927611,0.5228346456696671,0.6049700085698372,0.4336609336616294,0.6585662211433779,0.49094202898642947
56,0.951190756897194,0.9069244604316965,0.688900468994789,0.5254372019081673,0.8759244042736236,0.7792397660821941
57,0.9168808911741217,0.8465189873418207,0.9341955116017497,0.876516773733136,0.8741721854309366,0.776470588235482
58,1.25e-10,1.24999999984375e-10,1.0,1.0,1.0,1.0
59,0.16635859519593346,0.0907258064534461,0.2721893491153846,0.15753424657822762,0.23384615384923077,0.13240418118769195
60,0.9514304723886894,0.9073604060913941,0.6652078774624361,0.49836065573825317,0.9001029866127703,0.8183520599254338
61,0.576704545455966,0.40518962075967024,1.0,1.0,1.0,1.0
62,0.6727489091632288,0.5068738792589639,0.661045531198145,0.49370277078149405,0.5000000000018797,0.33333333333500414
63,0.7706491063031045,0.6268748086931047,0.005797101452173914,0.002906976747084573,5.681818181818182e-12,5.681818181785899e-12
64,0.5146726862308126,0.3465045592710133,0.19047619052380954,0.10526315794182826,0.1250000000625,0.0666666667288889
65,0.8449612403108527,0.7315436241614341,0.9500891265606061,0.9049235993210443,0.7138047138058361,0.5549738219903054
66,0.9675898644672952,0.9372146118722178,1.0,1.0,1.0,1.0
67,0.8876514903377006,0.7979976442875159,0.5816272965884515,0.41006661732093996,0.4429347826100543,0.28446771378833424
68,0.9386762258354885,0.8844390832328384,0.8725542041250661,0.7739212007505751,0.803500397772872,0.6715425531917077
69,0.9477066900382706,0.9006107717935032,0.915343915344246,0.8439024390244855,0.8508112386232687,0.7403581267219419
70,0.5000000000104167,0.3333333333425926,1.0,1.0,1.0,1.0
71,0.6082375478931993,0.4370268410189697,0.838235294125,0.7215189873452972,0.7155963302844037,0.5571428571491835
72,0.8648233486947005,0.7618403247633546,1.0,1.0,1.0,1.0
73,0.9061511423553603,0.8284061696659201,0.6579177602808399,0.4902216427646803,0.8530351437715655,0.7437325905299618
74,0.7977401129945763,0.6635338345865927,0.8383838383844697,0.7217391304350851,0.8146821844234556,0.6873111782482064
75,0.8577044025161163,0.7508602890572946,0.8721568627458823,0.7732962447847381,0.7656250000011161,0.6202531645576487
76,0.9619364375463785,0.9266642933428527,0.9600523903084479,0.9231738035265451,0.9271137026246355,0.8641304347827933
77,0.9672040022236429,0.9364908503767719,0.9061251664450732,0.8283627510652293,0.7709601873540983,0.6272865853661377
78,0.9619207829944947,0.9266352386564741,0.8253658536588618,0.7026578073091347,0.8505935325423659,0.7400284900286752
79,1.1111111111111113e-11,1.1111111110987654e-11,1.1111111111111113e-11,1.1111111110987654e-11,4.166666666666667e-11,4.1666666664930555e-11
80,2e-10,1.9999999996e-10,1.0,1.0,1.0,1.0
81,0.8658265381771683,0.7633986928107668,5e-11,4.9999999997500004e-11,1.0,1.0
82,0.9666666666670455,0.9354838709677893,0.6173913043521738,0.4465408805066256,0.8313253012108434,0.7113402061885429
83,0.8085106383191488,0.6785714285829082,1.0,1.0,1.0,1.0
84,0.8743789921937545,0.7767969735185665,1.0,1.0,1.0,1.0
85,0.7910592808556851,0.6543408360131396,1.0,1.0,1.0,1.0
86,0.93234932349344,0.8732718894009703,0.811594202900161,0.6829268292691519,0.8977272727291666,0.8144329896913594
87,0.9159175039666843,0.8448780487806391,0.9605361131801936,0.9240687679084182,0.7851690294449291,0.6463195691209223
88,0.8882539682542857,0.7989720159909772,0.9421009098432589,0.8905394839719386,0.8208286674137738,0.696106362773318
89,0.9258920402566331,0.8620102214651942,0.901768172888998,0.8211091234350248,0.9245901639355191,0.8597560975612607
90,0.924906132666458,0.8603026775321766,0.8238636363664772,0.7004830917888866,0.5384615384663461,0.36842105263573405
91,0.8607142857146428,0.7554858934170812,0.8705547652930299,0.7707808564237512,0.8019966722146422,0.6694444444453627
92,0.9514304723886894,0.9073604060913941,0.6652078774624361,0.49836065573825317,0.9001029866127703,0.8183520599254338
93,2.0833333333333336e-11,2.0833333332899308e-11,1.0,1.0,1.0,1.0
94,0.9555288461544471,0.9148446490219622,0.9171974522314225,0.8470588235300115,0.9304556354940048,0.8699551569512558
95,0.9385067936687211,0.8841382950646914,0.7315255640656179,0.576697127937475,0.693081017150207,0.530316742081873
96,0.9500734214394273,0.9048951048951714,1.0,1.0,1.0,1.0
97,0.9068010075579345,0.8294930875579966,3.3333333333333337e-10,3.3333333322222223e-10,1e-09,9.99999999e-10
98,0.8079470198741722,0.677777777781358,1.0,1.0,1.0,1.0
99,0.7977401129945763,0.6635338345865927,0.8383838383844697,0.7217391304350851,0.8146821844234556,0.6873111782482064
100,0.9646226415100235,0.9316628701595311,0.8632707774812333,0.7594339622647183,0.8662131519297052,0.764000000000944
101,4.761904761904762e-11,4.761904761678005e-11,1.0,1.0,1.0,1.0
102,0.945105215005032,0.8959236773634901,1.0,1.0,1.0,1.0
103,0.8569118835901374,0.7496463932111037,1.0,1.0,1.0,1.0
104,0.9227621483378516,0.8566001899335913,0.6903614457837349,0.5271389144438573,0.8190091001021234,0.6934931506854564
105,0.9159727479186223,0.8449720670392145,0.5674418604697674,0.3961038961078175,0.5840707964690266,0.4125000000073437
106,7.142857142857143e-11,7.142857142346939e-11,1.0,1.0,1.0,1.0
107,0.8288043478274456,0.7076566125296806,1.0,1.0,1.0,1.0
108,0.9499072356218924,0.9045936395760391,0.8782894736850329,0.7829912023463592,0.7773487773500644,0.6357894736849773
109,0.8607142857146428,0.7554858934170812,0.8705547652930299,0.7707808564237512,0.8019966722146422,0.6694444444453627
110,0.6166007905177865,0.4457142857174531,1.0,1.0,1.0,1.0
111,0.9835972043932393,0.9677238282346428,0.7828162291173428,0.643137254902194,0.7016976556192401,0.5404732254053045
112,0.5627376425893535,0.391534391537611,3.3333333333333337e-10,3.3333333322222223e-10,3.3333333333333337e-10,3.3333333322222223e-10
113,0.9455800371651182,0.8967774420947147,0.8237791932066525,0.7003610108306855,0.7674023769108659,0.6225895316809607
114,0.9182302524903868,0.8488222698073452,0.8732503888028771,0.7750172532782781,0.8228630278069001,0.6990376202977261
115,0.7901234567918871,0.6530612244908074,0.8636363636401515,0.7600000000016001,0.8392857142901785,0.7230769230790534
116,0.8502592253738944,0.7395225464192363,0.7281553398074434,0.5725190839705534,0.592797783936288,0.4212598425219636
117,0.9586580820062691,0.9205987634233906,0.8694986605438194,0.7691266079893235,0.806787082649699,0.6761467889911228
118,0.9389261744969799,0.8848829854523182,1.0,1.0,1.0,1.0
119,0.5785123967024793,0.40697674419294205,1.0,1.0,1.0,1.0
120,0.9338181818189091,0.8758526603003058,0.858006042297583,0.7513227513234092,0.7877237851687979,0.6497890295373426
121,0.820754716985849,0.696000000002432,1.0,1.0,1.0,1.0
122,0.8947885939046214,0.8096085409256056,0.7953667953706564,0.6602564102585882,0.6666666666746032,0.5000000000059523
123,0.8356428696721628,0.7176860500151498,0.6640735502125177,0.49708840656458597,0.8645229309441222,0.7613741875582531
124,0.9706803302023911,0.9430309734513589,0.9542483660136165,0.9125000000000911,0.8974358974365385,0.8139534883723094
125,0.79500000000125,0.6597510373451042,0.2903225806532258,0.16981132076254896,0.06451612904301075,0.033333333344074075
126,0.931697612732427,0.8721291123526554,0.894164193868447,0.8085867620754766,0.8603465851182467,0.754919499105984
127,0.9619364375463785,0.9266642933428527,0.9600523903084479,0.9231738035265451,0.9271137026246355,0.8641304347827933
128,5e-10,4.9999999975e-10,1.0,1.0,1.0,1.0
129,0.7108792846505216,0.5514450867057209,0.8174273858941908,0.691228070176522,0.7046263345231316,0.5439560439585498
130,0.957979436745865,0.9193479193479539,0.8004771846110945,0.6673296867231888,0.742123687281797,0.5899814471246846
131,0.8481973434539848,0.7364085667217987,0.8553259141502385,0.7472222222225733,0.8564102564111111,0.7488789237671916
132,0.9436286120326859,0.8932735426009926,1.0,1.0,1.0,1.0
133,0.9432437891337104,0.8925840978593683,0.94084507042277,0.8882978723404751,0.7190913062477065,0.5613915416101218
134,0.9652539137079038,0.9328413284133337,1.0,1.0,1.0,1.0
135,0.7270341207353456,0.5711340206188514,0.8800000000009303,0.7857142857146416,0.8525547445270073,0.743002544529916
136,1.1111111111111113e-11,1.1111111110987654e-11,1.1111111111111113e-11,1.1111111110987654e-11,4.166666666666667e-11,4.1666666664930555e-11
137,0.9225393127553873,0.8562162162163717,1.0,1.0,1.0,1.0
138,0.9364944961899521,0.8805732484077067,0.648341232227962,0.4796633941097618,0.8018154311656581,0.6691919191923369
139,0.8747433264907597,0.7773722627745351,1.0,1.0,1.0,1.0
140,0.7041237113407216,0.5433571996821452,0.6395348837267442,0.47008547008999924,0.7083333333402778,0.5483870967790495
141,5e-10,4.9999999975e-10,1.0,1.0,1.0,1.0
142,0.8566176470591299,0.7491961414792341,0.5839957604668786,0.4124251497010386,0.788708297691189,0.6511299435033177
143,1.6666666666666669e-10,1.666666666388889e-10,1.0,1.0,1.0,1.0
144,0.8566176470591299,0.7491961414792341,0.5839957604668786,0.4124251497010386,0.788708297691189,0.6511299435033177
145,0.8908474576272882,0.8031784841076396,0.7878787878793596,0.6500000000003302,0.7918781725895576,0.6554621848743631
146,1.1111111111111112e-10,1.1111111109876544e-10,1.0,1.0,1.0,1.0
147,0.8882539682542857,0.7989720159909772,0.9421009098432589,0.8905394839719386,0.8208286674137738,0.696106362773318
148,0.808407437349232,0.6784260515608163,1.4285714285714286e-11,1.4285714285510204e-11,1.0,1.0
149,0.9391100702580015,0.885209713024367,0.9416342412464331,0.8897058823532115,0.9001367989069767,0.8184079601994567
150,0.9177777777788889,0.8480492813144804,1.0,1.0,1.0,1.0
151,0.91659192825142,0.8460264900663101,0.41170097508234016,0.259208731242484,0.6361746361767151,0.46646341463577295
152,0.945105215005032,0.8959236773634901,1.0,1.0,1.0,1.0
153,0.9388937156099044,0.8848253275109799,0.9524913093864427,0.9092920353983305,0.878453038674954,0.7832512315274495
154,0.9099415204681287,0.8347639484979428,0.7481840193710654,0.597678916828242,0.7787787787797797,0.6377049180333808
155,0.943669527897264,0.8933468765871542,0.9166666666671401,0.8461538461539806,0.874224478285956,0.7765531062126487
156,0.808407437349232,0.6784260515608163,1.4285714285714286e-11,1.4285714285510204e-11,1.0,1.0
157,1.7857142857142857e-11,1.7857142856823982e-11,1.0,1.0,1.0,1.0
158,0.9216130493885365,0.8546218487395569,1.4084507042253522e-11,1.4084507042055147e-11,2.127659574468085e-11,2.127659574422816e-11
159,0.9097222222223876,0.834394904458649,0.8203939745081112,0.6954813359531479,0.8718282368256344,0.7727797001156024
160,0.9111519607846201,0.8368036015757812,0.7299270073010948,0.574712643679383,0.814621409924282,0.687224669604902
161,3.6630036630036635e-12,3.663003662990246e-12,5.555555555555556e-12,5.555555555524692e-12,5.555555555555556e-12,5.555555555524692e-12
162,3.3112582781456956e-12,3.3112582781347314e-12,1e-09,9.99999999e-10,1.0,1.0
163,0.9068934646378692,0.8296478296479691,8.264462809917356e-12,8.264462809849054e-12,1.0,1.0
164,0.6273062730645756,0.45698924731328766,0.6534653465396039,0.4852941176508435,0.33121019108917193,0.19847328244886664
165,0.2071713147450199,0.11555555555948642,1.0,1.0,1.0,1.0
166,0.9552157291100491,0.914270778881383,0.805054151625,0.6737160120848386,0.8093947606151761,0.6798179059185435
167,0.7821878025174249,0.6422893481719855,0.540372670810559,0.3702127659601268,0.4769230769269231,0.31313131313478215
168,0.9391100702580015,0.885209713024367,0.9416342412464331,0.8897058823532115,0.9001367989069767,0.8184079601994567
169,0.9583244282968584,0.9199835863767255,0.6753246753262987,0.5098039215698289,0.46753246753571426,0.3050847457656565
170,0.16635859519593346,0.0907258064534461,0.2721893491153846,0.15753424657822762,0.23384615384923077,0.13240418118769195
171,0.9259259259262346,0.8620689655173206,0.9369988545252005,0.881465517241507,0.9050480769236778,0.8265642151483792
172,0.8235294117720589,0.70000000000375,1.0,1.0,1.0,1.0
173,0.9746421267895706,0.9505384922217988,0.874753062031213,0.7773876404495945,0.8423005565867346,0.7275641025643209
174,0.8487690504114889,0.7372708757642825,0.7949367088632912,0.6596638655476484,0.7510548523248944,0.6013513513540449
175,0.9261809447559648,0.8625111840143566,0.9082937522838874,0.8319946452477698,0.779968034097496,0.6393013100439832
176,0.9593147751608138,0.9218106995885096,0.9331283627986164,0.8746397694526302,0.7664974619302031,0.6213991769555115
177,1.5151515151515154e-11,1.5151515151285582e-11,1.0,1.0,1.0,1.0
178,0.9234611953614631,0.8578057673185755,0.63039399624803,0.4602739726030355,0.8712737127378049,0.7719087635056759
179,0.6832116788335766,0.5188470066529516,8.333333333333334e-12,8.33333333326389e-12,9.900990099009901e-12,9.900990098911872e-12
180,0.8157349896501035,0.6888111888122769,1.0,1.0,1.0,1.0
181,0.9113573407205678,0.8371501272265667,0.8500000000009615,0.739130434783045,0.9365426695853392,0.8806584362142373
182,0.9664525339047109,0.9350828729282217,0.9101907864127501,0.835183603757613,0.7687564234337102,0.624373956594951
183,0.9570827489483871,0.9176976869285004,0.7518867924533019,0.6024187452761887,0.8041450777212436,0.6724436741773441
184,0.8682684341350455,0.7672035139095649,1.0,1.0,1.0,1.0
185,0.8633879781448087,0.7596153846165403,1.0,1.0,1.0,1.0
186,0.871973244147291,0.7730075901328811,0.8327953518402195,0.7134955752213974,0.807183364839792,0.6767036450081801
187,0.9613617941099702,0.9255983350676766,0.7850467289742991,0.6461538461552071,0.809248554916185,0.6796116504869921
188,1.4285714285714285e-10,1.428571428367347e-10,1.0,1.0,1.0,1.0
189,0.9110057925229068,0.8365570599614733,1.0,1.0,1.0,1.0
190,0.8265270506111693,0.7043426531828053,0.6116352201265723,0.440543601359637,0.7392120075065666,0.5863095238107551
191,0.8794063079786641,0.7847682119208862,1.612903225806452e-11,1.6129032257804374e-11,1e-09,9.99999999e-10
192,0.9324009324015151,0.8733624454149854,0.6752356469588688,0.5097024579566498,0.6592000000016,0.49164677804417267
193,0.9474717722142857,0.9001865671642256,1.0,1.0,1.0,1.0
194,0.888406845023138,0.7992194275803126,0.6779661016977401,0.5128205128225948,0.7235772357764227,0.5668789808944785
195,0.9528301886795822,0.9099099099099679,0.7625099285154885,0.6161745827989523,0.7873303167435898,0.6492537313441561
196,0.8907344926034259,0.802994852597191,0.9019346230827218,0.8213851761849071,0.7457983193287815,0.5946398659973289
197,1.1764705882352942e-11,1.1764705882214533e-11,1.0,1.0,1.0,1.0
198,0.8533333333341176,0.7441860465119778,0.7810650887593689,0.6407766990302888,0.8308457711467662,0.7106382978735717
199,0.8752196836559754,0.7781250000001734,0.9029850746287313,0.8231292517012818,0.833693304537797,0.7148148148158711
200,0.9442424242427273,0.8943742824340446,0.6857142857190476,0.5217391304382484,0.6265060241024096,0.45614035088196364
201,0.9691292314245263,0.9401073936390169,0.9336917562727001,0.8756302521009101,0.8915094339626011,0.8042553191490551
202,0.9466606902738682,0.8987234042554053,0.5842696629269664,0.4126984127030738,0.7307692307788461,0.5757575757640035
203,0.6585514303110164,0.4909255898371226,0.28985507247826087,0.16949152543780524,0.24000000002,0.13636363638326449
204,0.9672040022236429,0.9364908503767719,0.9061251664450732,0.8283627510652293,0.7709601873540983,0.6272865853661377
205,0.863551401871028,0.7598684210534215,1.0,1.0,1.0,1.0
206,0.9619207829944947,0.9266352386564741,0.8253658536588618,0.7026578073091347,0.8505935325423659,0.7400284900286752
207,0.8930817610064357,0.8068181818182328,0.9064579256362036,0.8289191123837405,0.8359788359791667,0.7181818181819783
208,0.9374083129586797,0.882190520018462,0.7276490066229304,0.5718932986339805,0.830422535211831,0.7100192678230154
209,0.9401104972376796,0.8869891576313831,0.8164019209460658,0.6897627965045632,0.7859554355172181,0.6473859844275335
210,0.9281102023250107,0.8658634538153688,1.0,1.0,1.0,1.0
211,0.9043348281023916,0.8253751705322983,1.7857142857142857e-11,1.7857142856823982e-11,5.263157894736843e-11,5.263157894459834e-11
212,0.9606507756339387,0.9242810338551423,0.7729138166901505,0.6298773690082164,0.8410596026501104,0.7257142857148081
213,0.009049773757918551,0.004545454547716942,1.0,1.0,1.0,1.0
214,0.8290155440423144,0.7079646017703423,0.8374164810712694,0.7203065134110332,4.784688995215311e-12,4.784688995192418e-12
215,0.9250440917111993,0.8605414273996222,1e-09,9.99999999e-10,1e-09,9.99999999e-10
216,0.9259154130005677,0.8620507399577896,0.7936046511642442,0.6578313253020294,0.8095238095257936,0.6800000000010666
217,0.9553381539772439,0.9144951140065495,4.5454545454545455e-11,4.545454545247934e-11,6.25e-11,6.249999999609376e-11
218,0.49158249158417505,0.32589285714436184,0.4096385542198795,0.2575757575785698,0.35164835165384617,0.21333333333857776
219,5.88235294117647e-11,5.88235294083045e-11,1.0,1.0,1.0,1.0
220,0.8946598390640088,0.8093977498346728,0.9021538461544615,0.8217488789239666,0.7354555433600439,0.5815972222229486
221,4.016064257028112e-12,4.016064257011984e-12,1.0,1.0,1.0,1.0
222,0.8290155440423144,0.7079646017703423,0.8374164810712694,0.7203065134110332,4.784688995215311e-12,4.784688995192418e-12
223,0.7492469879521837,0.5990367248647809,0.9253187613861567,0.8610169491530135,0.8115299334833702,0.6828358208967058
224,0.5627376425893535,0.391534391537611,3.3333333333333337e-10,3.3333333322222223e-10,3.3333333333333337e-10,3.3333333322222223e-10
225,0.9090909090984849,0.8333333333356481,1.0,1.0,1.0,1.0
226,0.8210526315796053,0.6964285714289102,0.8726333907065404,0.7740458015270625,0.8469113697412712,0.7344720496898532
227,0.964557926829459,0.9315421420684831,0.9774333257353546,0.9558626839055034,0.7694680030848111,0.6253132832084896
228,0.6866597724927611,0.5228346456696671,0.6049700085698372,0.4336609336616294,0.6585662211433779,0.49094202898642947
229,0.9593147751608138,0.9218106995885096,0.9331283627986164,0.8746397694526302,0.7664974619302031,0.6213991769555115
230,5e-11,4.9999999997500004e-11,1.0,1.0,1.0,1.0
231,0.8625659050970123,0.7583436341163422,0.8750637429887812,0.777878513146167,0.7509025270765343,0.601156069364623
232,0.947855340622512,0.9008792965627762,0.9520426287750148,0.9084745762712899,0.7841409691637298,0.6449275362323129
233,0.9508885916302313,0.9063752276867372,0.8441814595665681,0.7303754266213904,0.8268279274332051,0.7047797563264248
234,0.9096446700510998,0.8342644320298981,1.0,1.0,1.0,1.0
235,0.5660377358584905,0.3947368421132271,1e-09,9.99999999e-10,1.0,1.0
236,0.9552819183411105,0.9143920595533853,0.8566265060246988,0.7492096944154382,0.9152086137288021,0.8436724565758763
237,0.8239472349066463,0.7006039689389986,0.5973451327455752,0.42586750788824645,0.5095890410986301,0.3419117647083018
238,0.886967263743669,0.7968923418426228,0.742028985507971,0.5898617511525462,0.6863636363647727,0.522491349481795
239,0.934975651676024,0.8778913394298666,0.9491124260366863,0.9031531531533713,0.8559892328411843,0.7482352941182394
240,7.8125e-12,7.812499999938965e-12,1.0,1.0,1.0,1.0
241,0.9414197105451413,0.8893229166668107,0.8564146134248088,0.7488855869245931,0.8052516411389496,0.6739926739932711
242,0.7901234567918871,0.6530612244908074,0.8636363636401515,0.7600000000016001,0.8392857142901785,0.7230769230790534
243,0.9063329541149033,0.8287101248267484,1.0,1.0,1.0,1.0
244,0.7563884156734809,0.6082191780825495,0.6764705882382352,0.511111111113284,0.09448818898425197,0.04958677686735879
245,0.8577044025161163,0.7508602890572946,0.8721568627458823,0.7732962447847381,0.7656250000011161,0.6202531645576487
246,0.9652539137079038,0.9328413284133337,1.0,1.0,1.0,1.0
247,0.07726864330727763,0.04018691588874749,0.7848101265949367,0.6458333333407118,2.8571428571428573e-11,2.857142857061225e-11
248,0.9719761870191667,0.945480225988716,0.923136948888412,0.8572463768116977,0.9075415423949723,0.8307332293293052
249,0.940298507463153,0.887323943662071,0.9112814895958379,0.8370221327971086,0.6602409638578313,0.49280575539750787
250,0.9065230052418463,0.8290279627164236,0.9784100418411716,0.9577326343381528,0.5053218449064876,0.33808070532406304
251,0.9664348351982159,0.9350497366881407,0.8576406172227476,0.7507625272332241,0.9394409937892081,0.885797950219703
252,0.949426264343604,0.9037216828479354,0.9041095890416032,0.825000000000162,0.8477951635853485,0.7358024691361287
253,0.6411917098452072,0.4718779790281488,1.0,1.0,1.0,1.0
254,0.9259583406268161,0.8621251629726655,1.0,1.0,1.0,1.0
255,0.931962799804699,0.8725939505042415,0.9104151493088128,0.835561497326423,0.9366692728702111,0.8808823529413516
256,2e-10,1.9999999996e-10,1.0,1.0,1.0,1.0
257,0.8907344926034259,0.802994852597191,0.9019346230827218,0.8213851761849071,0.7457983193287815,0.5946398659973289
258,0.9003215434091639,0.8187134502926627,0.8504398827008798,0.7397959183686745,0.8345323741043165,0.7160493827178023
259,0.9401423189621181,0.8870458135861425,0.8379120879127747,0.7210401891256253,0.6692836113846908,0.5029498525081078
260,0.5069444444479166,0.3395348837240022,1.0,1.0,1.0,1.0
261,0.898962735305801,0.8164689462667017,0.8523047977431797,0.7426229508200941,0.5799256505613383,0.4083769633538829
262,0.6217105263174342,0.451073985681501,1.0,1.0,1.0,1.0
263,0.9776651354349755,0.9563061667183278,0.981749049430038,0.9641523525018938,0.919761577258597,0.8514431239390056
264,0.5636856368590786,0.3924528301909719,1.0,1.0,1.0,1.0
265,0.7412205932495738,0.5888407367282834,0.6329588015,0.4630136986316082,0.6347826086978261,0.46496815286794596
266,0.9053161371503617,0.8270114942529729,0.6254681647958801,0.4550408719360898,0.39790575916492144,0.24836601307435177
267,0.8470290771179941,0.7346491228072115,1.0,1.0,1.0,1.0
268,0.6411917098452072,0.4718779790281488,1.0,1.0,1.0,1.0
269,0.940812857363777,0.8882404435366535,0.589928057557554,0.41836734694174305,0.23333333335,0.13207547171448916
270,0.9624956186473888,0.9277027027027516,0.9137254901980392,0.8411552346576131,0.8056206089016393,0.6745098039228451
271,0.8373879641498079,0.7202643171812328,1.0,1.0,1.0,1.0
272,0.5309734513362832,0.3614457831402235,4.166666666666667e-11,4.1666666664930555e-11,4.166666666666667e-11,4.1666666664930555e-11
273,1.1111111111111112e-10,1.1111111109876544e-10,1.0,1.0,1.0,1.0
274,0.3662477558366248,0.2241758241775293,2.941176470588235e-11,2.941176470501731e-11,6.666666666666667e-11,6.666666666222223e-11
275,0.9630963096311131,0.9288194444444651,0.861907548274137,0.757326478149225,0.8505663134822798,0.7399872854419962
276,4.5454545454545455e-11,4.545454545247934e-11,1.0,1.0,1.0,1.0
277,0.868150684932363,0.7670196671713055,0.6754966887450331,0.51000000000245,0.8054298642579185,0.6742424242448922
278,4.347826086956522e-11,4.347826086767486e-11,1.0,1.0,1.0,1.0
279,0.9201388888897569,0.8520900321545787,6.666666666666667e-11,6.666666666222223e-11,1.0,1.0
280,0.8189573459717536,0.6934189406100503,0.5824355207316356,0.4108705665594607,0.7201274561874668,0.562655601660114
281,0.6273062730645756,0.45698924731328766,0.6534653465396039,0.4852941176508435,0.33121019108917193,0.19847328244886664
282,0.9613617941099702,0.9255983350676766,0.7850467289742991,0.6461538461552071,0.809248554916185,0.6796116504869921
283,0.8334735071490048,0.714491708723933,0.7216981132080189,0.5645756457567789,0.6947368421063158,0.5322580645168834
284,0.6122448979598021,0.4411764705887333,4.807692307692308e-12,4.807692307669194e-12,6.7567567567567575e-12,6.756756756711104e-12
285,1.1111111111111112e-10,1.1111111109876544e-10,1.0,1.0,1.0,1.0
286,0.9235237173291384,0.8579136690650038,0.9310344827601881,0.8709677419358622,0.8952042628792185,0.8102893890681341
287,0.9520110957006935,0.9084171519322878,0.7818371607520876,0.6418166238220722,0.6939078751864785,0.5312855517639007
288,0.947855340622512,0.9008792965627762,0.9520426287750148,0.9084745762712899,0.7841409691637298,0.6449275362323129
289,0.9166404529727903,0.8461091753775127,0.8926654740611211,0.8061389337642401,0.8925869894103631,0.8060109289618811
290,0.9371873262929405,0.8817991631800399,1e-09,9.99999999e-10,1e-09,9.99999999e-10
291,0.9669457910976202,0.9360068259385939,0.977263969171869,0.9555388093444194,0.9080145719494536,0.8315262718933849
292,0.5296089385486034,0.36018237082164106,2.5641025641025643e-11,2.5641025640368183e-11,2.702702702702703e-11,2.702702702629657e-11
293,0.953786595693443,0.9116558741906051,0.9244712990966767,0.8595505617985418,0.6974789916008403,0.5354838709707389
294,0.44171779141717793,0.28346456693477584,1.0,1.0,1.0,1.0
295,0.9173742651863162,0.8473604826546464,0.8912295786760535,0.8037999224506384,0.763723150358393,0.6177606177608638
296,0.8876514903377006,0.7979976442875159,0.5816272965884515,0.41006661732093996,0.4429347826100543,0.28446771378833424
297,0.9416846652272138,0.8897959183674369,0.7871657754021391,0.6490299823639347,0.606918238995283,0.43566591422249284
298,0.8954545454551136,0.810699588477561,0.13513513514864864,0.07246376812938458,0.08333333334722222,0.04347826088342785
299,0.9077662829667784,0.8311099252935349,0.9189828503846836,0.850109409190454,0.8390313390316951,0.7226993865032376
300,0.09523809526190477,0.050000000023750005,5e-10,4.9999999975e-10,5e-10,4.9999999975e-10
301,1.1111111111111112e-10,1.1111111109876544e-10,1.0,1.0,1.0,1.0
302,0.8356428696721628,0.7176860500151498,0.6640735502125177,0.49708840656458597,0.8645229309441222,0.7613741875582531
303,0.9210888094586197,0.853720693170309,0.6211235955060674,0.45045632333803753,0.8173431734326568,0.6911076443062542
304,0.9032608695657609,0.8235877106047338,0.8416485900227766,0.7265917603001375,0.7355242566525821,0.5816831683178671
305,0.8481973434539848,0.7364085667217987,0.8553259141502385,0.7472222222225733,0.8564102564111111,0.7488789237671916
306,0.9151007471136517,0.8434891485810336,0.8261487446712459,0.7037933817597225,0.5618604651172093,0.39068564036301334
307,1.7211703958691911e-12,1.7211703958662288e-12,1.1111111111111112e-10,1.1111111109876544e-10,1.0,1.0
308,0.9624956186473888,0.9277027027027516,0.9137254901980392,0.8411552346576131,0.8056206089016393,0.6745098039228451
309,0.7507533362034008,0.6009648518264642,0.5324074074079861,0.3627760252370956,0.6159554730992579,0.4450402144779557
310,0.2923766816152466,0.17121848739582854,1.0,1.0,1.0,1.0
311,9.345794392523366e-12,9.34579439243602e-12,9.345794392523366e-12,9.34579439243602e-12,4.347826086956522e-11,4.347826086767486e-11
312,0.5309734513362832,0.3614457831402235,4.166666666666667e-11,4.1666666664930555e-11,4.166666666666667e-11,4.1666666664930555e-11
313,0.9354992833258481,0.8788150807900549,1.0,1.0,1.0,1.0
314,0.9053007742705976,0.826985854189399,0.9275545713385005,0.8648967551623216,0.9095513748194646,0.834107498341185
315,0.9627364800307664,0.9281503316138806,0.7884750527062544,0.6508120649656023,0.8331466965296752,0.7140115163153282
316,1.923076923076923e-11,1.923076923039941e-11,1.0,1.0,1.0,1.0
317,0.674107142859375,0.5084175084191636,0.7048192771114458,0.544186046513748,0.7553956834568345,0.6069364161872433
318,0.9407965554364909,0.8882113821139347,1.1111111111111112e-10,1.1111111109876544e-10,5e-10,4.9999999975e-10
319,0.9145496535808314,0.8425531914896967,8.928571428571428e-12,8.928571428491709e-12,1.098901098901099e-11,1.0989010988890231e-11
320,0.8848715509048525,0.793515358362127,1.0,1.0,1.0,1.0
321,0.9087359687654953,0.8327370304115238,0.9023190442733661,0.8220230473753879,0.8971962616832814,0.8135593220342494
322,0.6082375478931993,0.4370268410189697,0.838235294125,0.7215189873452972,0.7155963302844037,0.5571428571491835
323,0.940000000001,0.8867924528304023,1.0,1.0,1.0,1.0
324,0.8525469168927614,0.7429906542068084,1.0,1.0,1.0,1.0
325,0.5333333333466667,0.3636363636479339,3.703703703703704e-11,3.70370370356653e-11,3.846153846153846e-11,3.846153846005917e-11
326,0.927023945268244,0.8639744952179256,0.9411239964322033,0.888795282224188,0.935218978102646,0.8783204798630005
327,0.8272642390298786,0.7054140127393226,0.8209366391212121,0.69626168224441,0.8917197452261146,0.8045977011505483
328,0.9300911854113475,0.8693181818184293,1.0,1.0,1.0,1.0
329,0.8079470198741722,0.677777777781358,1.0,1.0,1.0,1.0
330,0.903301886792846,0.823655913978621,0.8208955223891258,0.696202531646119,0.6055776892470119,0.43428571428894697
331,0.9668637426097897,0.9358530742613959,0.9143621766284568,0.8422350041085931,0.9251908396951654,0.8607954545455864
332,0.5896414342669323,0.4180790960484855,0.6222222222444445,0.45161290324349634,0.6341463414878049,0.46428571430484694
333,0.8154003059665986,0.6883340507965181,0.8591352859139935,0.7530562347190277,0.7669789227172131,0.6220322886993143
334,0.352000000002,0.2135922330116175,1e-10,9.999999999000001e-11,1.4285714285714285e-10,1.428571428367347e-10
335,0.9529449085334674,0.910119167844898,0.9343971631207447,0.8768718801997082,0.893203883495519,0.8070175438597793
336,0.7017543859707602,0.5405405405446798,1.0,1.0,1.0,1.0
337,0.9459305634610131,0.8974082073435233,1.0,1.0,1.0,1.0
338,0.9512761020893271,0.9070796460179047,0.7943661971859155,0.6588785046744912,0.7619047619084248,0.6153846153868913
339,0.8373879641498079,0.7202643171812328,1.0,1.0,1.0,1.0
340,0.7901234567918871,0.6530612244908074,0.8636363636401515,0.7600000000016001,0.8392857142901785,0.7230769230790534
341,0.8487690504114889,0.7372708757642825,0.7949367088632912,0.6596638655476484,0.7510548523248944,0.6013513513540449
342,0.9107053107724913,0.8360504460166607,0.8938515081209397,0.8080755112743534,0.89768076398397,0.8143564356436792
343,0.9566834972099388,0.916963830871158,0.9037481259373313,0.8243982494530501,0.7623574144491445,0.6159754224273303
344,0.10526315790350878,0.05555555556430041,1.0,1.0,1.0,1.0
345,0.9350804050035736,0.8780760626399574,1.0,1.0,1.0,1.0
346,3.030303030303031e-11,3.0303030302112034e-11,1.0,1.0,1.0,1.0
347,5e-10,4.9999999975e-10,1.0,1.0,1.0,1.0
348,0.914903620122708,0.8431542461006558,0.8340807174910314,0.7153846153857101,0.32989690721993126,0.1975308642008332
349,0.8594249201285943,0.7535014005605694,1.0,1.0,1.0,1.0
350,0.8232931726910141,0.6996587030718004,0.9504950495053041,0.9056603773585541,0.9321802457901684,0.8729752770674569
351,0.9156626506028915,0.8444444444445827,0.20573355818043845,0.11466165413700251,1.923076923076923e-11,1.923076923039941e-11
352,0.8944099378889752,0.8089887640452121,6.25e-11,6.249999999609376e-11,1.25e-10,1.24999999984375e-10
353,0.8291139240537975,0.7081081081096859,1.0,1.0,1.0,1.0
354,0.839316239317094,0.7231222385865639,1.0,1.0,1.0,1.0
355,0.9669571532318447,0.9360281195079311,0.9134647510862012,0.8407134071341693,0.7933732167514956,0.6575133485891247
356,4.366812227074236e-12,4.3668122270551675e-12,1.0,1.0,1.0,1.0
357,0.7567957661777724,0.6087461300311111,0.5125423728820339,0.3445761166824571,0.5099685204627492,0.342253521127687
358,5e-10,4.9999999975e-10,1.0,1.0,1.0,1.0
359,0.9177777777788889,0.8480492813144804,1.0,1.0,1.0,1.0
360,0.7779632721218698,0.6366120218589163,1.0,1.0,1.0,1.0
361,0.9068010075579345,0.8294930875579966,3.3333333333333337e-10,3.3333333322222223e-10,1e-09,9.99999999e-10
362,3.3333333333333337e-10,3.3333333322222223e-10,1.0,1.0,1.0,1.0
363,0.8210683601049682,0.6964512040559592,0.6181520850376124,0.4473372781071629,0.810975609757622,0.6820512820520973
364,0.8577044025161163,0.7508602890572946,0.8721568627458823,0.7732962447847381,0.7656250000011161,0.6202531645576487
365,0.8935905413820784,0.8076490438697327,0.8181818181826299,0.692307692308115,0.7478070175449562,0.5971978984245233
366,2.5e-10,2.499999999375e-10,1.0,1.0,1.0,1.0
367,0.9604477611942165,0.9239052404881823,0.8859934853428338,0.7953216374271999,0.8770053475946524,0.7809523809527982
368,0.9177205772951942,0.8479516084685598,0.979833926453313,0.9604651162790829,0.5095338983053496,0.34186211798175486
369,0.028000000002,0.014198782963460043,1.0,1.0,1.0,1.0
370,0.93234932349344,0.8732718894009703,0.811594202900161,0.6829268292691519,0.8977272727291666,0.8144329896913594
371,0.8425021422452443,0.7278649689073947,0.6384201077202872,0.4688818565403645,0.8312533912105263,0.7112349117922829
372,0.20970873786601943,0.11713665943792377,1.0,1.0,1.0,1.0
373,0.8568693154624222,0.749581239531198,1.0,1.0,1.0,1.0
374,0.9741291505400286,0.9495631453534752,0.9429323968402107,0.892026578073269,0.8983218163879566,0.8154121863802591
375,0.9403292181080247,0.8873786407769177,0.8648648648702703,0.7619047619070295,0.46913580248148146,0.3064516129144121
376,0.7728375101054972,0.6297760210806128,0.9362244897971939,0.8800959232616784,0.8865355521951588,0.7961956521744669
377,0.925869894100353,0.8619718309860451,0.9284818067766625,0.8665105386419988,0.898351648353022,0.8154613466338767
378,0.914903620122708,0.8431542461006558,0.8340807174910314,0.7153846153857101,0.32989690721993126,0.1975308642008332
379,0.8682684341350455,0.7672035139095649,1.0,1.0,1.0,1.0
380,0.8794063079786641,0.7847682119208862,1.612903225806452e-11,1.6129032257804374e-11,1e-09,9.99999999e-10
381,0.4800000000057143,0.31578947368935495,2.941176470588235e-11,2.941176470501731e-11,4.5454545454545455e-11,4.545454545247934e-11
382,0.627240143369773,0.45691906005269195,0.5692599620512334,0.3978779840864778,0.5190839694681934,0.3505154639197577
383,0.9040557441488298,0.8249103358331187,0.6504992867339515,0.4820295983092156,0.747378455673022,0.5966514459671284
384,0.8406569019090102,0.7251148545178215,0.23529411770588235,0.13333333339111111,6.666666666666667e-11,6.666666666222223e-11
385,0.9604477611942165,0.9239052404881823,0.8859934853428338,0.7953216374271999,0.8770053475946524,0.7809523809527982
386,0.9349706949486464,0.8778825995807767,2.5e-10,2.499999999375e-10,1.0,1.0
387,0.6721717588777869,0.506218905473251,5e-11,4.9999999997500004e-11,6.666666666666667e-11,6.666666666222223e-11
388,0.9230011492367428,0.8570121951219948,0.9328543796631666,0.8741584671155493,0.9411398318284023,0.8888235294118301
389,0.9541484716159935,0.9123173277662253,0.8375510204089796,0.7205056179779207,0.8856825749178691,0.7948207171318828
390,0.7503671071960353,0.6004700352531134,0.7232142857187499,0.5664335664365985,0.5785123967024793,0.40697674419294205
391,0.8272642390298786,0.7054140127393226,0.8209366391212121,0.69626168224441,0.8917197452261146,0.8045977011505483
392,0.6166007905177865,0.4457142857174531,1.0,1.0,1.0,1.0
393,0.9334130781501198,0.8751401869159345,0.9009843659530978,0.8198103266598316,0.9352517985618051,0.8783783783785278
394,0.909090909091144,0.8333333333334051,1.0,1.0,1.0,1.0
395,0.9281102023250107,0.8658634538153688,1.0,1.0,1.0,1.0
396,0.9296920395122023,0.8686210640608748,0.6815642458128491,0.5169491525444198,8.333333333333334e-12,8.33333333326389e-12
397,0.919077979402158,0.850272232305036,0.835266821346481,0.7171314741039613,0.8500563697869222,0.7392156862750211
398,0.799265605875765,0.6656472986751625,0.8826405867982885,0.7899343544862365,0.7721691678049113,0.6288888888897136
399,0.830910482020658,0.7107329842935723,1.0,1.0,1.0,1.0
400,0.29670329670604395,0.17419354838976067,1.0,1.0,1.0,1.0
401,0.9040715996471701,0.8249367379802565,0.8248494800221675,0.7019096413601761,0.9509516837485359,0.9064898813678252
402,0.9627364800307664,0.9281503316138806,0.7884750527062544,0.6508120649656023,0.8331466965296752,0.7140115163153282
403,0.869416979202523,0.7689987937275217,0.641478439425462,0.4721886336157967,0.6482449589253174,0.4795580110502988
404,0.9695102173209537,0.9408246773686053,0.9261843554906353,0.8625170998632952,0.9234693877555272,0.8578199052133825
405,2.380952380952381e-11,2.3809523808956918e-11,1.0,1.0,1.0,1.0
406,0.48148148148611114,0.3170731707358715,5e-11,4.9999999997500004e-11,1.25e-10,1.24999999984375e-10
407,0.9477066900382706,0.9006107717935032,0.915343915344246,0.8439024390244855,0.8508112386232687,0.7403581267219419
408,0.8773978315271059,0.781575037147427,0.6666666666785714,0.5000000000089286,0.7042253521267605,0.5434782608794897
409,0.9338181818189091,0.8758526603003058,0.858006042297583,0.7513227513234092,0.7877237851687979,0.6497890295373426
410,0.9588457899718543,0.9209450249886775,0.9611562782299006,0.9252173913044128,0.8790397045253924,0.7841845140036504
411,0.7256416645903314,0.5694172858820612,0.5644531250004883,0.3931972789119774,0.5855457227146018,0.41397288842605423
412,0.2923766816152466,0.17121848739582854,1.0,1.0,1.0,1.0
413,0.826879271071754,0.7048543689326119,1.1111111111111112e-10,1.1111111109876544e-10,1.1111111111111112e-10,1.1111111109876544e-10
414,0.8604118993157894,0.755020080322269,1.0,1.0,1.0,1.0
415,0.9330479975545705,0.8744985673353155,0.670813893209435,0.5046801872078747,0.7964169381115636,0.6617050067663577
416,0.9616760347472323,0.926181102362229,0.9728374425411617,0.9471114727421097,0.9025641025646154,0.822429906542222
417,0.34538152610843376,0.208737864081511,1.0,1.0,1.0,1.0
418,0.9717041800644696,0.944965603502206,0.9101844426625904,0.8351729212656971,0.8456175298807271,0.7325280414151283
419,0.9675898644672952,0.9372146118722178,1.0,1.0,1.0,1.0
420,0.9584406031632954,0.9201977401130507,0.8486005089064885,0.737016574585926,0.8600435097904279,0.7544529262089638
421,0.9219171917192844,0.8551450636610614,0.9085365853660443,0.83240223463693,0.8599605522684911,0.7543252595156772
422,0.11320754718867924,0.06000000001880001,2e-10,1.9999999996e-10,3.3333333333333337e-10,3.3333333322222223e-10
423,2.173913043478261e-11,2.1739130434310023e-11,1.0,1.0,1.0,1.0
424,0.8948194662482993,0.809659090909181,1.0,1.0,1.0,1.0
425,0.8569118835901374,0.7496463932111037,1.0,1.0,1.0,1.0
426,0.9518551236751326,0.9081331647703716,9.433962264150943e-12,9.433962264061944e-12,1e-09,9.99999999e-10
427,1.851851851851852e-11,1.8518518518175587e-11,1.0,1.0,1.0,1.0
428,3.3333333333333337e-10,3.3333333322222223e-10,1.0,1.0,1.0,1.0
429,0.40125391849843256,0.2509803921598001,1.0,1.0,1.0,1.0
430,1.851851851851852e-11,1.8518518518175587e-11,1.0,1.0,1.0,1.0
431,3.225806451612904e-11,3.225806451508845e-11,1.0,1.0,1.0,1.0
432,0.1104294478588957,0.05844155844767246,1.5151515151515154e-11,1.5151515151285582e-11,1.923076923076923e-11,1.923076923039941e-11
433,0.9214026602188633,0.8542600896864254,0.5791855203665158,0.40764331210568383,0.6545454545515151,0.4864864864911127
434,8.849557522123894e-12,8.84955752204558e-12,1.0,1.0,1.0,1.0
435,2.0833333333333336e-11,2.0833333332899308e-11,1.0,1.0,1.0,1.0
436,0.9527559055122047,0.9097744360902934,1.0,1.0,1.0,1.0
437,0.9402718168814378,0.887276409044925,0.6944257891205508,0.5318930041154671,0.7853521126766198,0.6465677179966173
438,0.6777963272136894,0.5126262626274933,1.0,1.0,1.0,1.0
439,0.8721485411145888,0.7732831608656884,0.7879581151845549,0.6501079913614468,0.7521367521388889,0.6027397260287577
440,0.9642114024138577,0.9308959421454677,0.7581000314567474,0.6104356636273504,0.8279301745640898,0.7063829787236542
441,0.7786666666693333,0.6375545851544211,3.703703703703704e-11,3.70370370356653e-11,5e-11,4.9999999997500004e-11
442,0.8491228070181287,0.7378048780490469,0.7988505747155172,0.6650717703365308,0.8738738738783783,0.776000000001792
443,0.9664525339047109,0.9350828729282217,0.9101907864127501,0.835183603757613,0.7687564234337102,0.624373956594951
444,0.9520110957006935,0.9084171519322878,0.7818371607520876,0.6418166238220722,0.6939078751864785,0.5312855517639007
445,0.7108792846505216,0.5514450867057209,0.8174273858941908,0.691228070176522,0.7046263345231316,0.5439560439585498
446,0.9173742651863162,0.8473604826546464,0.8912295786760535,0.8037999224506384,0.763723150358393,0.6177606177608638
447,0.8731233441274654,0.77481713688622,0.8654477262076887,0.7628099173555679,0.7346041055725806,0.5805330243342056
448,0.8607142857146428,0.7554858934170812,0.8705547652930299,0.7707808564237512,0.8019966722146422,0.6694444444453627
449,0.9425472077141424,0.8913373860182784,0.8676396577760442,0.76622222222243,0.8249400479622302,0.7020408163268347
450,0.9296947271049953,0.8686257562663192,0.7953367875660622,0.6602150537641716,0.7133757961799363,0.5544554455456573
451,0.9259154130005677,0.8620507399577896,0.7936046511642442,0.6578313253020294,0.8095238095257936,0.6800000000010666
452,0.9741291505400286,0.9495631453534752,0.9429323968402107,0.892026578073269,0.8983218163879566,0.8154121863802591
453,0.9204912734326655,0.852694610778502,0.6802567006421291,0.5154462242565702,0.7573435504476372,0.6094552929089317
454,0.9555410973760573,0.9148671096345868,0.9103448275896552,0.8354430379757251,0.8507462686604477,0.7402597402614269
455,0.943669527897264,0.8933468765871542,0.9166666666671401,0.8461538461539806,0.874224478285956,0.7765531062126487
456,0.8784741144419619,0.7832847424686266,2.6315789473684214e-11,2.6315789472991695e-11,2.702702702702703e-11,2.702702702629657e-11
457,0.10126582279746836,0.05333333334595555,1.0,1.0,1.0,1.0
458,6.711409395973155e-12,6.7114093959281126e-12,1.0,1.0,1.0,1.0
459,0.953645581844761,0.9113982464236681,1.0,1.0,1.0,1.0
460,0.9227621483378516,0.8566001899335913,0.6903614457837349,0.5271389144438573,0.8190091001021234,0.6934931506854564
461,0.45000000001249996,0.2903225806566077,1.0,1.0,1.0,1.0
462,0.2170542635736434,0.12173913044241966,0.051724137939655176,0.026548672574986294,8.849557522123894e-12,8.84955752204558e-12
463,0.9776651354349755,0.9563061667183278,0.981749049430038,0.9641523525018938,0.919761577258597,0.8514431239390056
464,0.7765957446861702,0.634782608698828,1.0,1.0,1.0,1.0
465,0.9481101857786676,0.9013398294763085,0.7822644497236738,0.6423927178158096,0.7175757575769697,0.5595463138004545
466,0.9533487297923788,0.9108561341571444,0.9394435351890343,0.8858024691359787,0.8948837209311628,0.80976430976463
467,0.9349706949486464,0.8778825995807767,2.5e-10,2.499999999375e-10,1.0,1.0
468,0.8428897338404563,0.728443743428042,0.6277372262776643,0.45744680851086916,0.7465309898246993,0.5955719557198557
469,0.8339738662571099,0.7152274225446834,0.7525925925940741,0.6033254156779019,0.7980769230793269,0.664000000001344
470,0.9141193595356623,0.8418230563006922,1.0,1.0,1.0,1.0
471,0.9402718168814378,0.887276409044925,0.6944257891205508,0.5318930041154671,0.7853521126766198,0.6465677179966173
472,0.9786407766999999,0.9581749049430452,1.0,1.0,1.0,1.0
473,0.9337822671159746,0.8757894736842977,1.0,1.0,1.0,1.0
474,0.9741159314620854,0.9495380241649077,0.940049958368443,0.8868813825609687,0.9677130044847534,0.9374456993918875
475,0.9786127167631503,0.9581211092246864,0.9706100271674487,0.9428982725528106,0.9148264984230284,0.8430232558140448
476,0.7977401129945763,0.6635338345865927,0.8383838383844697,0.7217391304350851,0.8146821844234556,0.6873111782482064
477,2.4390243902439027e-11,2.4390243901844145e-11,1.0,1.0,1.0,1.0
478,0.9636843173059445,0.929913860610834,0.9097345132749263,0.8344155844157636,0.8619718309868545,0.7574257425746577
479,0.8779854620978712,0.7825080981028308,0.8134615384625,0.6855753646682567,0.569587628867268,0.39819819819928254
480,3.5714285714285714e-11,3.571428571301021e-11,1.0,1.0,1.0,1.0
481,0.8928974069909809,0.8065173116093554,1.0,1.0,1.0,1.0
482,0.9664348351982159,0.9350497366881407,0.8576406172227476,0.7507625272332241,0.9394409937892081,0.885797950219703
483,0.9425472077141424,0.8913373860182784,0.8676396577760442,0.76622222222243,0.8249400479622302,0.7020408163268347
484,0.9074074074079861,0.8305084745764507,1.0,1.0,1.0,1.0
485,0.9338181818189091,0.8758526603003058,0.858006042297583,0.7513227513234092,0.7877237851687979,0.6497890295373426
486,0.873623188406087,0.7756047349460753,0.5000000000037879,0.3333333333367004,0.11340206186082474,0.06010928962262236
487,3.3112582781456956e-12,3.3112582781347314e-12,1e-09,9.99999999e-10,1.0,1.0
488,0.9230769230773367,0.8571428571429669,0.7466666666678787,0.5957446808518457,0.6666666666681887,0.5000000000011415
489,0.9667609618106436,0.9356605065024176,0.8124274099886759,0.6841075794622572,0.908742331288727,0.8327477160928793
490,0.8046647230349854,0.6731707317089114,0.8224852071035502,0.6984924623130729,0.8037974683575949,0.6719576719594077
491,0.6166007905177865,0.4457142857174531,1.0,1.0,1.0,1.0
492,0.9513117195556192,0.9071444177408986,0.8998200359930015,0.8178844056707314,0.9039692701668801,0.8247663551403234
493,2.9498525073746316e-12,2.94985250736593e-12,1.0,1.0,1.0,1.0
494,0.7953890489923151,0.6602870813402547,1.0,1.0,1.0,1.0
495,0.9267716535437008,0.8635363169480091,0.961038961039725,0.9250000000001103,0.9489395129622938,0.9028400597908777
496,0.8779123951547064,0.7823920265784345,0.8548387096814516,0.7464788732412221,0.8292682926878048,0.7083333333357639
497,0.8525469168909741,0.7429906542060079,0.7994467496556017,0.6658986175122905,0.7934621099569094,0.6576354679811388
498,0.8795718108840321,0.7850318471341002,0.8431372549052287,0.7288135593235661,0.8828125000039062,0.7902097902112574
499,0.7853290183398058,0.6465364120787805,1.0,1.0,1.0,1.0
500,0.9719761870191667,0.945480225988716,0.923136948888412,0.8572463768116977,0.9075415423949723,0.8307332293293052
501,0.9216130493885365,0.8546218487395569,1.4084507042253522e-11,1.4084507042055147e-11,2.127659574468085e-11,2.127659574422816e-11
502,0.8425021422452443,0.7278649689073947,0.6384201077202872,0.4688818565403645,0.8312533912105263,0.7112349117922829
503,0.9173742651863162,0.8473604826546464,0.8912295786760535,0.8037999224506384,0.763723150358393,0.6177606177608638
504,0.9741159314620854,0.9495380241649077,0.940049958368443,0.8868813825609687,0.9677130044847534,0.9374456993918875
505,0.87025726448288,0.7703145478375589,0.868659724555257,0.767814726840993,0.8778877887792904,0.7823529411766306
506,3.3333333333333337e-10,3.3333333322222223e-10,1.0,1.0,1.0,1.0
507,0.9719975108900644,0.9455205811138234,0.9535151747986939,0.9111600587372165,0.9373753490231352,0.8821321321322206
508,0.9595435684649033,0.9222333000997267,0.9603340292280793,0.9236947791165425,0.9634214969054586,0.9294245385451363
509,0.913050052926206,0.8400111296605899,0.7585946354367208,0.6110772976265301,0.8599269183928137,0.7542735042737668
510,0.12857142857261905,0.06870229007752073,1.0,1.0,1.0,1.0
511,0.8523908523918918,0.7427536231888718,0.5662100456666667,0.3949044586025802,0.2542372881440678,0.14563106796945988
512,0.9256115826265602,0.8615241635689019,5.88235294117647e-11,5.88235294083045e-11,7.692307692307692e-11,7.692307691715976e-11
513,0.9119782214157592,0.8381984987490024,0.9185897435900641,0.8494368701838474,0.865384615385,0.7627118644069405
514,9.70873786407767e-12,9.70873786398341e-12,1.0,1.0,1.0,1.0
515,0.8537020517397413,0.7447470817121615,0.7985224983213566,0.6646171045278566,0.8425499231954685,0.7279362972795435
516,0.08474576272033899,0.04424778761907745,1.0,1.0,1.0,1.0
517,0.799265605875765,0.6656472986751625,0.8826405867982885,0.7899343544862365,0.7721691678049113,0.6288888888897136
518,0.8747433264907597,0.7773722627745351,1.0,1.0,1.0,1.0
519,0.9437781109449025,0.8935415188077406,0.3507692307723077,0.21268656716711684,0.2651933701712707,0.15286624204361232
520,0.9500734214394273,0.9048951048951714,1.0,1.0,1.0,1.0
521,0.3870967742096774,0.24000000001520003,1.0,1.0,1.0,1.0
522,0.9423968218938426,0.8910684474123994,0.7924217462940691,0.6562073669854622,0.7611168562574974,0.6143572621041496
523,0.9588457899718543,0.9209450249886775,0.9611562782299006,0.9252173913044128,0.8790397045253924,0.7841845140036504
524,0.9615639496358516,0.925973197192134,1.25e-10,1.24999999984375e-10,5e-10,4.9999999975e-10
525,0.7728375101054972,0.6297760210806128,0.9362244897971939,0.8800959232616784,0.8865355521951588,0.7961956521744669
526,0.9389600602866114,0.8849431818182363,0.534665833854466,0.36487638533728484,0.5757290686745061,0.40422721268242506
527,0.615384615389423,0.4444444444483025,1.0,1.0,1.0,1.0
528,0.727868852462295,0.5721649484558137,1.0,1.0,1.0,1.0
529,0.9482266612315532,0.9015503875969756,0.9489685124875136,0.9028925619836717,0.506802721090136,0.33940774487622
530,0.9074074074079861,0.8305084745764507,1.0,1.0,1.0,1.0
531,0.9149786413119747,0.843281686563413,0.8475756763999465,0.7354718735473104,0.8640545144807495,0.7606478704260584
532,0.898691816246121,0.8160220994476155,0.8897485493249516,0.8013937282236885,0.8021680216829268,0.6696832579200467
533,0.886967263743669,0.7968923418426228,0.742028985507971,0.5898617511525462,0.6863636363647727,0.522491349481795
534,0.9692773691045004,0.9403862300587992,1.0,1.0,1.0,1.0
535,0.953786595693443,0.9116558741906051,0.9244712990966767,0.8595505617985418,0.6974789916008403,0.5354838709707389
536,0.9566834972099388,0.916963830871158,0.9037481259373313,0.8243982494530501,0.7623574144491445,0.6159754224273303
537,0.8095238095243903,0.6800000000003122,1.0,1.0,1.0,1.0
538,0.9042984590433901,0.825314581791395,0.8611599297029877,0.7561728395069254,0.7577639751573498,0.6100000000013
539,0.7256416645903314,0.5694172858820612,0.5644531250004883,0.3931972789119774,0.5855457227146018,0.41397288842605423
540,0.5896414342669323,0.4180790960484855,0.6222222222444445,0.45161290324349634,0.6341463414878049,0.46428571430484694
541,0.9659318637275885,0.9341085271317999,0.9563538045581306,0.9163582531458798,0.9394837071523487,0.8858739026337703
542,0.9043348281023916,0.8253751705322983,1.7857142857142857e-11,1.7857142856823982e-11,5.263157894736843e-11,5.263157894459834e-11
543,0.6243654822343485,0.4538745387460592,0.8115449915127334,0.682857142858049,0.7191011235973782,0.5614035087732122
544,0.9360039081587689,0.8797061524335357,0.815020862310153,0.6877934272307799,0.8946459412797927,0.8093750000005957
545,0.9003234342843282,0.8187165775402039,0.8310810810844594,0.7109826589612083,0.7066666666733333,0.5463917525819959
546,0.9720053323178443,0.9455353834753815,0.8895943562613756,0.8011435832275723,0.8118374558308303,0.6832713754649195
547,0.3230625583576097,0.19265033407662288,2.5e-10,2.499999999375e-10,3.3333333333333337e-10,3.3333333322222223e-10
548,0.9019607843142857,0.8214285714287537,0.9099236641236641,0.8347338935578859,0.9419795221860068,0.8903225806455151
549,0.9063329541149033,0.8287101248267484,1.0,1.0,1.0,1.0
550,0.9310808216550203,0.871048850574759,0.6894472361819095,0.5260736196326287,0.7486772486785714,0.5983086680769591
551,0.9535628502806245,0.9112471308340389,0.7870967742,0.6489361702165006,0.4946236559247311,0.3285714285810204
552,4.347826086956522e-11,4.347826086767486e-11,1.0,1.0,1.0,1.0
553,0.6733167082319201,0.5075187969943327,1.0,1.0,1.0,1.0
554,0.9535423925673635,0.9112097669257367,5e-10,4.9999999975e-10,5e-10,4.9999999975e-10
555,0.8588957055245399,0.7526881720443404,1.0,1.0,1.0,1.0
556,0.9669571532318447,0.9360281195079311,0.9134647510862012,0.8407134071341693,0.7933732167514956,0.6575133485891247
557,0.913050052926206,0.8400111296605899,0.7585946354367208,0.6110772976265301,0.8599269183928137,0.7542735042737668
558,0.9723691945916129,0.9462242562929267,1.0,1.0,1.0,1.0
559,0.9266315362792866,0.8632930513596199,0.939577039275428,0.8860398860399943,0.9284611425635615,0.8664745437081014
